company,pio_vs_igpa_mc_sc,mrv_vs_ipsa,price,ret_1m,ret_ytd,ret_1y,ret_5y,mkt_cap_bn,net_debt,FV,ebitda_prev,ebitda_ltm,ebitda_chg,net_income_prev,net_income_ltm,net_income_chg,ebitda_ltm,ebitda_ltm2,ebitda_2025e,ebitda_2026e,ebitda_2027e,Fv_ebitda_2024,Fv_ebitda_ltm,Fv_ebitda_2025e,Fv_ebitda_2026e,Fv_ebitda_2027e,ni_2024,ni_ltm,ni_2025e,ni_2026e,ni_2027e,pe_2024,pe_ltm,pe_2025e,pe_2026e,pe_2027e,peg_2026e,p_ce_ltm,p_bv_ltm,roe_ltm,fv_s_2025e,fv_s_ltm,leverage_ltm,div_policy,div_yield_2026e,roic_ltm,fv_ic_ltm,recommendation,rec_date,roe_2026e,div_yield_2026e_b,div_yield_ltm,div_yield_lagged,div_yield_2022,sector,target_price
CAP,-0.020707,-0.006173,6354.9,0.151726,0.086418,0.583567,0.050846,1073.138765,1254.83902,2327.977785,307.783621,415.107659,-0.299777,-389.323,-71.675,NM,415.107659,322.841262,509.266425,512.735539,571.43285,4.639728,7.210905,4.571238,4.540309,4.073931,-426.881,-109.233,64.533239,76.447267,139.552628,-2.08078,NM,16.629241,14.037634,7.68985,0.760359,1.571849,0.617009,NM,0.032962,2.022217,3.886861,0.3,0.018041,0.00528,0.545048,Mantener,2025-05-19 00:00:00,0.043954,0.018041,0,0,0.021796,Acero,5800
Cintac,0.003383,,79.32,0.010843,0,0.608204,-0.226118,102.686776,226.046,328.732776,15.353,28.316,0.592979,-33.765,-12.137,NM,28.316,37.42,47.656478,59.130998,59.130998,7.05133,8.784949,6.897966,5.559398,5.559398,-39.909,-18.281,-7.622017,-0.026825,-0.026825,-1.738491,NM,NM,NM,NM,,NM,1.255416,NM,NM,0.898779,6.04078,0.3,0,0.049941,1.074813,Vender,2025-05-19 00:00:00,NM,0,0,0,0,Acero,64
Provida,,,5001.5,-0.029684,0.084115,0.974447,0.566342,1853.751778,-33.642361,1820.109417,167.928689,194.038315,0.116384,35.435903,22.003106,-0.379073,194.038315,213.582507,190.648152,183.263912,186.726874,5.58823,8.521809,9.546955,9.93163,9.747442,77.521899,64.089103,108.454064,103.80095,105.461228,14.343269,28.924602,17.092506,17.858717,17.577567,-4.162482,22.28746,1.344553,0.046625,0.080943,5.859181,-0.157515,0.7,0.040954,0.093505,1.353171,,,0.075288,0.040954,0.024201,0.037416,0.068277,AFP,
Habitat,,,1455.9,0.030921,0.036832,0.980458,0.499447,1645.084746,54.653811,1699.738556,136.847481,183.342706,0.007067,92.659274,93.453586,0.008572,183.342706,184.309868,225.445849,216.713814,220.808848,5.506503,9.222179,7.539454,7.84324,7.697783,124.527574,125.321887,159.001404,152.179606,154.613693,7.79443,13.126875,10.346354,10.810153,10.639968,-2.519614,13.625152,3.832896,0.328188,0.413247,5.712527,0.296532,0.9,0.086987,0.287571,3.512907,,,0.354564,0.086987,0.068562,0.117158,0.147433,AFP,
AFPCapital,,,247.5,0,0,0.119641,0.092537,873.380937,-19.517432,853.863505,94.225647,121.676366,0.009954,69.053984,70.326876,0.018433,121.676366,122.614306,177.672984,170.791302,174.018582,6.813716,6.963816,4.805815,4.999455,4.906738,89.482149,90.755041,116.524308,111.524948,113.30877,9.858983,9.623498,7.495268,7.831261,7.707973,-1.825298,10.150242,1.553215,0.169167,0.224906,3.691804,-0.159177,0.7,0.093392,0.161591,1.573107,,,0.198335,0.093392,0.072739,0.072011,0.092458,AFP,
Cuprum,,,134.6,-0.069583,-0.025517,2.539533,0.61284,1942.233767,-140.761365,1801.472402,76.820134,101.729695,0.108775,48.550564,55.151242,0.135955,101.729695,110.085794,130.11738,125.077636,127.441108,6.477824,16.364259,13.844979,14.402834,14.135725,64.326468,70.927145,89.668694,85.821548,87.194249,11.504609,27.383504,21.66011,22.631074,22.274792,-5.274815,23.37006,2.502182,0.093808,0.12532,9.131113,-1.278651,0.7,0.032317,0.099105,2.834934,,,0.110564,0.032317,0.025563,0.068151,0.084816,AFP,
Watts,0.050087,,665.2,0.038015,0.045939,0.017255,-0.017793,236.890872,229.580541,466.471413,40.046136,57.694852,-0.020957,18.573373,14.223135,-0.234219,57.694852,56.855595,57.105434,66.370352,68.475843,7.927429,8.204494,8.168599,7.02831,6.812204,28.400598,24.050361,25.580357,29.007057,29.266673,8.338544,9.849785,9.260655,8.166664,8.094219,0.609643,5.206545,0.736221,0.079326,0.079257,0.666899,4.037959,0.3,0.032395,0.054629,0.846057,Comprar,2025-05-19 00:00:00,0.090149,0.032395,0.030458,0.029147,0.032405,Alimentos,830
Carozzi,,,3863,-0.013158,0.026076,0.553599,0.292634,1874.969251,892.726809,2767.69606,183.917061,268.653814,-0.086777,74.596405,69.393893,-0.069742,268.653814,252.694126,287.527332,296.153152,305.037746,4.412942,10.952752,9.625854,9.345489,9.07329,111.012672,105.81016,118.811554,122.375901,126.047178,5.676115,17.720125,15.781035,15.321393,14.875139,5.107131,10.958477,2.772221,0.168194,0.17764,1.57029,3.532836,0.3,0.01901,0.103661,1.763828,,,0.180938,0.01901,0.01693,0.065237,0.056566,Alimentos,
HF,,,1311.5,ND,ND,ND,ND,0,0,0,118.181,190.859,NM,8.765,0,NM,190.859,72.678,0,0,0,8.528773,0,#DIV/0!,#DIV/0!,#DIV/0!,-45.461,-54.226,0,0,0,-18.78351,NM,NM,NM,NM,,NM,#DIV/0!,NM,0,0,0,0,0,0.019935,#DIV/0!,,,#DIV/0!,0,0,0,0,Alimentos,
Bsantander,,-0.069848,69.02,0.042553,0.036233,0.688762,0.188408,14696.668555,,,NA,NA,NA,669.631597,919.412357,0.373012,NA,NA,NA,NA,NA,,NA,NA,NA,NA,988.267879,1238.048639,1176.788451,1277.594638,1392.721964,10.085743,11.870833,12.488794,11.503389,10.552478,1.342879,NA,2.777172,0.254661,0.237912,NA,NA,0.6,0.048043,NA,NA,Comprar,2025-12-30 00:00:00,0.241422,0.048043,0.050544,0.075657,0.070838,Bancos,81
Chile,,-0.040564,172.9,0.042092,0.059188,0.731816,0.263369,19735.427485,,,NA,NA,NA,1047.847778,1067.896988,0.019134,NA,NA,NA,NA,NA,,NA,NA,NA,NA,1391.31873,1411.367941,1373.509317,1479.273911,1570.578778,9.28281,13.983191,14.368616,13.341294,12.565704,1.732564,NA,3.014405,0.223721,0.211975,NA,NA,0.8,0.055677,NA,NA,Mantener,2025-12-12 00:00:00,0.225945,0.055677,0.057212,0.087686,0.085078,Bancos,187
BCI,,0.065539,52900,0.087764,0.057712,1.334517,0.244474,13066.853448,,,NA,NA,NA,727.37494,884.003879,0.215335,NA,NA,NA,NA,NA,,NA,NA,NA,NA,923.759307,1080.388246,1140.370057,1303.638664,1398.282252,7.406897,12.094591,11.458433,10.023371,9.344933,0.700095,NA,1.5147,0.141645,0.141419,NA,NA,0.3,0.026182,NA,NA,Mantener,2025-12-12 00:00:00,0.151117,0.026182,0.024804,0.046399,0.05,Bancos,54335
Itaucl,-0.067726,-0.020188,18000,0.169298,0.074537,1.199286,0.193807,4400.150827,,,NA,NA,NA,324.270836,347.270475,0.070927,NA,NA,NA,NA,NA,,NA,NA,NA,NA,425.567424,448.567062,440.794387,460.694269,514.964023,5.818836,9.809349,9.98232,9.55113,8.544579,2.115633,NA,1.047305,0.117138,0.113755,NA,NA,0.3,0.030053,NA,NA,Mantener,2025-09-23 00:00:00,0.109652,0.030053,0.030583,0.052689,0.053401,Bancos,16312
Nubank,,,17.25,0.008284,0.001175,0.537906,ND,83081.0715,,,NA,NA,NA,1419.472,1976.873,0.392682,NA,NA,NA,NA,NA,,NA,NA,NA,NA,1972.112,2529.513,2438.617676,3410.660553,4570.326995,0.036764,32.84469,34.06892,24.359232,18.178365,0.611114,NA,7.873497,0.330858,0.29615,NA,NA,0,0,NA,NA,Vender,2025-02-20 00:00:00,0.323224,0,0,0,0,Bancos,13
ILC,0.014382,-0.007634,16000,0.161816,0.063655,1.612795,0.443201,1789.830508,452.011184,2241.841692,,NA,NA,127.834799,214.852044,0.680701,NA,NA,NA,NA,NA,NA,NA,NA,NA,NA,170.826557,257.843802,274.043529,251.427501,273.512147,5.0986,6.94153,6.531191,7.118674,6.543879,-0.862586,NA,1.274078,0.201427,0.210207,NA,NA,0.35,0.053589,0.142542,1.127936,Comprar,2025-12-30 00:00:00,0.178977,0.053589,0.050421,0.107348,0.110124,Conglomerados,20900
Bicecorp,0.025491,,358.1,0.14455,0.122667,0.755483,0.272018,4118.778208,916.227243,5035.005451,,NA,NA,163.341371,221.844151,0.358163,NA,NA,NA,NA,NA,,NA,NA,NA,NA,224.82546,283.328241,221.835007,354.609282,464.430986,8.082327,14.537126,18.566854,11.614976,8.86844,0.194059,NA,1.462752,0.176773,0.148058,NA,NA,0.5,0.02693,0.132472,1.315744,Comprar,2025-10-20 00:00:00,0.125937,0.02693,0.034395,0.071876,0.061041,Grup. Financ.,352
Banvida,,,600.01,0.150296,0.085904,0.541328,0.337501,1084.80839,58.918419,1143.726809,,NA,NA,98.62692,128.547728,0.303374,NA,NA,NA,NA,NA,,NA,NA,NA,NA,138.364169,168.284977,142.459426,149.582398,157.061517,6.15122,6.446258,7.614859,7.252246,6.906901,1.450449,NA,1.304418,0.229139,0.188102,NA,NA,0.5,0.065661,-0.000896,1.284278,,,0.179864,0.065661,0.077564,0.099422,0.083691,Grup. Financ.,
Andina-A,0.01985,0.0137,3554.7,-0.016563,0.024658,0.565575,0.286083,1901.01862,551.699537,2452.718157,218.150485,326.665082,0.083174,75.134969,95.133159,0.266164,326.665082,344.809534,353.896482,381.544113,402.140829,5.469203,7.113255,6.930609,6.4284,6.099152,131.449068,151.447257,149.819799,165.198296,172.256373,9.932237,12.552348,12.688701,11.507495,11.035984,1.121079,7.849198,2.963204,0.276526,0.271586,1.274255,1.600012,0.761905,0.060046,0.176305,2.019052,Mantener,2025-11-17 00:00:00,#N/A,0.060046,0.060698,0.098983,0.087431,Bebidas,3400
Andina-B,-0.079461,0.007858,4190,0.030038,0.048135,0.488981,0.277082,2240.732949,551.690214,2792.423163,218.146799,326.659561,0.083174,75.1337,95.131551,0.266164,326.659561,344.803707,353.890501,381.537665,402.134034,6.465718,8.098588,7.890642,7.318866,6.944011,131.446846,151.444698,149.817267,165.195504,172.253462,12.408685,14.795717,14.95644,13.564128,13.008348,1.321439,9.252016,3.492791,0.276526,0.271581,1.450765,1.600012,0.838095,0.056036,0.176305,2.298732,Mantener,2025-11-17 00:00:00,#N/A,0.056036,0.056644,0.079166,0.07698,Bebidas,4255
CCU,-0.042241,0.022688,6225,0.046264,0.089484,0.094646,0.060827,2599.045625,901.468252,3500.513877,230.94718,437.298147,0.100879,98.069419,70.119863,-0.284998,437.298147,460.595929,445.053354,495.961718,533.436111,7.373194,7.599967,7.86538,7.058032,6.562199,181.857783,153.908227,171.60592,196.485592,231.761229,13.178153,16.886983,15.145431,13.227665,11.214324,0.91237,6.815,1.553485,0.09638,0.099576,1.024358,1.957178,0.5,0.033013,0.077784,1.280973,Comprar,2025-12-30 00:00:00,0.117442,0.033013,0.029609,0.034776,0.035803,Bebidas,7300
Embonor-A,,,1330,0,0,0.14449,0.20089,367.32151,141.779922,509.101432,62.251699,101.946556,-0.025123,17.999688,16.294555,-0.094731,101.946556,100.382614,90.314304,80.8854,90.681097,5.070939,5.07161,5.636997,6.294108,5.614196,40.159098,38.453966,30.713075,29.413009,35.485818,8.383977,9.55224,11.959776,12.488403,10.35122,-2.950291,4.750223,1.251322,0.129682,0.09343,0.697975,1.412395,0.585366,0.048945,0.097388,1.169429,Vender,2025-05-19 00:00:00,#N/A,0.048945,0.06128,0.067919,0.053397,Bebidas,1130
Embonor-B,0.013293,,1409.5,0.124844,0.015875,0.443722,0.187484,424.335193,154.548212,578.883405,67.857907,111.127568,-0.025123,19.620687,17.761996,-0.094731,111.127568,109.422782,98.447749,88.169705,98.847574,5.015132,5.290337,5.880108,6.565559,5.856324,43.775711,41.917019,33.479006,32.06186,38.681568,8.242307,10.12322,12.674665,13.23489,10.969958,-3.126643,5.034165,1.32612,0.129682,0.101844,0.728078,1.412395,0.614634,0.048493,0.097388,1.219864,Vender,2025-05-19 00:00:00,#N/A,0.048493,0.060715,0.071674,0.057031,Bebidas,1250
Cencosud,,-0.030676,2835.2,0.088136,0.095563,0.462661,0.260654,8454.83379,6084.147937,14538.981727,1202.798803,1674.319697,-0.048172,109.101277,154.278476,0.414085,1674.319697,1616.378437,1646.975888,1857.287395,2073.602541,7.377719,8.994788,8.827683,7.828073,7.01146,153.919495,199.096694,559.577792,568.758785,714.410853,45.132861,42.465968,15.109309,14.865412,11.834694,9.060408,11.462885,1.594324,0.040928,0.105839,0.757464,3.764062,0.3,0.019855,0.072358,1.200245,Mantener,2025-11-05 00:00:00,0.107251,0.019855,0.007064,0.010391,0.024165,Retail,3450
Falabella,,-0.05417,5960,-0.006275,0.049397,0.870732,0.197153,16895.722021,3357.33193,20253.053951,1073.020001,1636.087982,0.427812,236.182321,587.892981,1.489149,1636.087982,2095.138369,2162.773545,2345.997102,2556.642409,8.313846,9.66669,9.36439,8.633026,7.921739,470.706519,822.417179,821.57173,910.382718,1048.453005,21.169257,20.54398,20.565121,18.558922,16.114906,1.716847,11.005088,1.962985,0.111235,0.106481,1.381682,1.602439,0.3,0.014588,0.087441,1.439373,Mantener,2025-11-17 00:00:00,0.10577,0.014588,0.014603,0.026753,0.024735,Retail,6500
Mercado Libre,,,2031.61,0.066477,0.089274,0.235575,0.036374,102104.149509,-1359,100745.149509,2277.127762,3249.501996,0.270505,1258.127762,1439.102946,0.143845,3249.501996,3865.47718,4047,5505,7155,0.343778,26.062798,24.893785,18.300663,14.080384,1897.501996,2078.47718,2155,3179,4294,0.053285,49.124499,47.380116,32.118323,23.77833,0.675928,32.574539,16.420738,0.51936,0.459914,3.846262,-0.351574,0,0,0.389219,20.733721,Comprar,2025-12-30 00:00:00,0.511258,0,0,0,0,Retail,2867
SMU,-0.022139,-0.006599,153.95,0.090188,0.057692,0.08834,0.168829,1002.537307,1270.397731,2272.935038,186.984212,262.094078,-0.060451,37.502699,58.503066,0.559969,262.094078,250.790703,261.474664,289.157105,318.697718,8.573474,9.063075,8.692754,7.860554,7.131946,55.699107,76.699473,66.975015,101.622456,123.654323,18.588418,13.07098,14.968825,9.865313,8.10758,0.190701,4.773421,1.057073,0.084839,0.07298,0.712193,5.065569,0.75,0.050104,0.042384,1.024395,Mantener,2025-10-07 00:00:00,0.10715,0.050104,0.057379,0.05969,0.048516,Retail,180
Ripley,-0.029618,-0.008829,449.74,-0.013029,0.02862,0.650529,0.195063,983.864588,1687.516808,2671.381396,105.690575,195.752459,0.345538,13.45205,38.324402,1.848964,195.752459,232.272616,213.60339,270.142373,270.142373,9.49542,11.50106,12.506269,9.888791,9.888791,56.948585,81.820938,52.543503,86.319774,86.319774,10.415604,12.024607,18.724762,11.397905,11.397905,0.17731,5.986868,0.785992,0.074363,0.044141,1.090984,7.265242,0.3,0.016022,0.044782,0.908388,Mantener,2025-11-17 00:00:00,0.068959,0.016022,0.024949,0.042341,0.026575,Retail,580
Nuevapolar,,,9.795,-0.009251,-0.05153,0.215812,-0.00865,62.002155,374.137542,436.139697,15.213698,33.654211,0.408909,-0.77387,-20.011997,NM,33.654211,39.875224,34.663838,35.703753,36.774865,12.747039,10.937611,12.58198,12.215514,11.859722,7.428694,-11.809433,7.651555,7.881101,8.117534,7.754098,NM,8.10321,7.867194,7.638053,2.622398,3.615995,1.304172,NM,0.11288,0.781122,9.382707,0.3,0.037022,0.016538,1.034293,,,0.165773,0.037022,0,0,0.03985,Retail,
Hites,,,137,-0.043111,0.012621,0.948387,0.080474,58.37975,231.49102,289.87077,1.033011,9.052907,16.428569,-26.566316,-12.088251,NM,9.052907,26.023805,20.306676,20.306676,20.306676,25.635194,11.138678,14.274654,14.274654,14.274654,-38.898592,-24.420527,-14.475262,-14.475262,-14.475262,-0.681503,NM,NM,NM,NM,,13.592838,0.545757,NM,NM,0.814532,8.895357,0.3,0,-0.004854,0.856424,,,NM,0,0,0,0,Retail,
Forus,0.037057,0.021652,2170,-0.064,0.006452,0.421214,0.181402,633.760147,29.675251,663.435398,51.778522,74.635301,0.062601,21.575032,20.058507,-0.070291,74.635301,77.876701,77.579768,87.753261,96.697497,6.803455,8.519049,8.551655,7.560236,6.860937,34.003615,32.48709,32.62315,37.810564,41.985031,14.73778,19.508061,19.4267,16.761457,15.094907,1.054112,9.782129,2.161623,0.122816,0.12175,1.48953,0.381054,0.4,0.02059,0.124785,2.049935,Mantener,2025-07-30 00:00:00,0.128964,0.02059,0.020504,0.024211,0.026039,Retail,2200
Tricot,0.014645,,655,-0.004594,0,0.599894,0.144132,317.29347,139.31505,456.608519,33.748715,54.210381,0.101394,9.27678,12.020318,0.295742,54.210381,57.632292,52.730169,55.366678,55.366678,5.991704,7.92279,8.659341,8.246991,8.246991,19.548427,22.291965,16.999322,17.849288,17.849288,10.606004,14.233535,18.665066,17.776253,17.776253,3.555251,6.95029,1.928823,0.143306,0.105636,1.556947,2.417309,0.6,0.032146,0.09517,1.502911,Mantener,2025-11-17 00:00:00,0.108506,0.032146,0.042154,0.062752,0.049195,Retail,720
Zofri,,,1009.4,0.037473,0.025587,0.366981,0.295088,251.573566,-53.979862,197.593704,13.414569,19.658652,0.234043,14.567668,16.380924,0.124471,19.658652,22.798241,20.975141,20.975141,20.975141,-2.529449,8.667059,9.420375,9.420375,9.420375,20.910006,22.723262,18.101695,18.101695,18.101695,0,11.071191,13.897791,13.897791,13.897791,,9.5538,3.200811,0.314058,0.291976,3.059845,-2.367721,0.8,0.057563,0.828686,8.026735,,,0.230311,0.057563,0.07226,0.087062,#DIV/0!,Retail,
Mallplaza,,0.016353,3145,0.045802,0.070346,1.173456,0.270264,7782.542373,1587.233139,9369.775512,307.709908,430.09799,0.414606,203.660776,289.37695,0.420877,430.09799,557.676416,627.885671,678.041327,733.89339,13.21078,16.801456,14.922741,13.818886,12.767216,286.644933,372.361107,411.853956,444.515532,484.207882,14.072486,20.900524,18.896364,17.50792,16.07273,2.207703,21.702457,1.855444,0.106689,0.115423,13.358767,2.846154,0.4,0.021168,0.091549,1.60896,Mantener,2025-10-28 00:00:00,0.105977,0.021168,0.019138,0.039337,0.04084,Real Estate,2800
Cencoshopp,-0.057414,-0.017114,2450,0.036694,0.068532,0.653373,0.243908,4722.357222,792.231798,5514.589019,255.946551,356.528955,0.081396,190.115989,190.236244,0.000633,356.528955,377.362046,374.108183,412.457146,412.457146,10.71227,14.613523,14.740627,13.37009,13.37009,256.790453,256.910708,254.454232,282.327593,282.327593,11.872386,18.381317,18.558769,16.726517,16.726517,1.526954,15.148439,1.405146,0.080595,0.079629,13.04898,2.099394,0.3,0.016165,0.071554,1.325409,Mantener,2025-10-28 00:00:00,0.084007,0.016165,0.016321,0.026166,0.025039,Real Estate,2250
Parauco,-0.094187,-0.028076,2980,0.073859,0.097804,1.13602,0.243727,3049.755173,1861.425026,4911.180199,183.85299,261.760163,0.190929,75.580681,91.957266,0.216677,261.760163,296.863046,292.375531,335.147443,335.147443,11.470751,16.543589,16.797508,14.65379,14.65379,119.558925,135.93551,119.649233,139.895685,139.895685,13.52458,22.435309,25.489133,21.800209,21.800209,1.288314,21.512063,1.726873,0.090403,0.072306,12.137242,6.270316,0.3,0.01177,0.06767,1.224751,Mantener,2025-10-28 00:00:00,0.079214,0.01177,0.013372,0.025347,0.022199,Real Estate,2900
Quinenco,0.01172,0.076659,4435.7,-0.001051,0.064222,0.546057,0.472518,8333.901386,-555.486575,7778.414811,,,,442.76686,624.366024,0.410146,,,,,,,,NM,NM,,750.543738,932.142902,744.439233,513.497741,640.027209,8.260838,8.940583,11.194871,16.229675,13.021167,-0.523163,5.11114,0.804493,0.096583,0.070247,1.260227,NA,1,0.090848,0.005832,0.42847,Mantener,2025-05-19 00:00:00,0.049569,0.090848,0.11185,0.159682,0.122113,Conglomerados,4170
SK,0.038872,,1520,0.031937,0.032518,0.623213,0.190476,1844.114684,895.685896,2739.80058,268.716386,328.061985,0.088963,51.842,79.296,0.529571,328.061985,351.967757,400.832636,446.977158,481.216196,6.40648,7.784237,6.835273,6.129621,5.693492,103.056,130.51,103.418071,140.717552,165.972668,12.302329,14.130064,17.831648,13.105079,11.110954,0.363357,5.879624,1.189489,0.086687,0.064333,0.916492,2.544795,0.3,0.016824,0.089013,0.894788,Comprar,2025-12-30 00:00:00,0.090765,0.016824,0.022845,0.033071,0.024471,Conglomerados,1905
Cristales,0.013761,,2600,-0.046154,0,-0.084019,-0.073453,188.022599,267.858149,455.880748,42.157144,55.095299,-0.417267,-2.272794,-7.571636,NM,55.095299,37.50452,43.371909,61.95742,79.410774,8.175906,12.155355,10.510968,7.357969,5.740792,1.611042,-3.6878,-3.240371,7.785384,20.95107,121.82593,NM,NM,24.150717,8.974368,-0.070977,4.07597,0.499145,NM,NM,1.254375,7.142023,0.3,0,-0.001943,0.615606,Comprar,2025-04-17 00:00:00,0.020668,0,0,0,0,Conglomerados,4000
Elecmetal,,,8852,0.141211,0.141211,0.537431,0.026769,438.098983,750.272793,1188.371777,118.870448,165.040048,0.081482,46.659652,55.143964,0.181834,165.040048,174.725817,134.015458,134.015458,134.015458,4.501014,6.801352,8.867423,8.867423,8.867423,75.061939,83.546251,99.252767,99.252767,99.252767,4.699793,5.24379,4.413972,4.413972,4.413972,,2.801481,0.615958,0.130802,0.14293,0.849866,4.294001,0.4,0.090621,0.068132,0.71007,,,0.139547,0.090621,0.076281,0.09377,0.112539,Conglomerados,
Salfacorp,-0.010742,-0.0068,1149,0.048668,0.066458,1.455954,0.289794,713.938988,550.358853,1264.297841,74.048892,94.728985,-0.143912,37.963228,44.225099,0.164946,94.728985,84.072454,91.424258,115.778053,124.844489,8.551879,15.038194,13.82891,10.920013,10.126982,48.621919,54.88379,59.566522,67.231638,74.689266,7.055099,13.008194,11.985574,10.619093,9.55879,0.825222,9.814441,1.159948,0.095747,0.102166,1.064683,6.546245,0.3,0.02503,0.043049,1.084475,Comprar,2025-10-28 00:00:00,0.109232,0.02503,0.023062,0.048713,0.052094,Construcción,1195
Besalco,-0.016149,,1203.8,0.07912,0.112587,1.472533,0.33887,783.725032,411.746576,1195.471608,107.99322,162.011159,0.069895,30.596769,41.498436,0.356301,162.011159,169.559336,200.257752,218.595624,225.153493,4.784016,7.050462,5.969665,5.468873,5.309585,51.045297,61.946964,63.028931,76.702679,74.442792,7.233424,12.651549,12.43437,10.217701,10.527883,0.470983,5.965217,1.915389,0.176093,0.170256,0.982636,2.428333,0.3,0.024127,0.105469,1.409763,Comprar,2025-04-30 00:00:00,0.187458,0.024127,0.023713,0.054894,0.051211,Construcción,876
EISA,0.02978,,465,0.026634,0.008275,1.68042,0.258253,316.511728,200.582947,517.094674,38.771896,56.999362,0.08475,15.801702,18.201931,0.151897,56.999362,60.285267,64.37058,66.827345,66.827345,5.396557,8.577464,8.03309,7.737771,7.737771,28.386377,30.786607,31.49758,33.140469,33.140469,4.000858,10.280825,10.048763,9.550611,9.550611,1.83105,7.193614,1.557933,0.173177,0.176547,0.772558,3.32723,0.5,0.049757,0.088839,1.274999,Comprar,2025-04-30 00:00:00,0.163124,0.049757,0.048634,0.142888,0.138671,Construcción,354
Socovesa,0.012227,,143.96,-0.126887,0.030338,0.690024,-0.052113,199.093539,616.954341,816.04788,22.882725,41.134738,-0.071637,-23.551667,-11.363319,NM,41.134738,39.495477,41.500967,33.057587,40.449726,19.223834,20.661806,19.663346,24.685646,20.174373,-22.383525,-10.195177,-16.605424,-9.152802,-6.379446,-5.075064,NM,NM,NM,NM,,NM,0.534876,NM,NM,2.10023,15.620886,0.3,0,0.023553,0.821764,Mantener,2025-04-30 00:00:00,NM,0,0,0,0,Construcción,148
Paz,,,842.45,0.014928,0.045313,0.80994,0.121079,269.77077,370.857488,640.628258,20.944633,52.910734,1.011221,5.096955,12.594544,1.470994,52.910734,74.090395,40.850274,48.047349,48.047349,11.555557,8.646576,15.682349,13.33327,13.33327,15.676945,23.174533,16.07239,23.386356,23.386356,8.986951,11.640829,16.784732,11.535392,11.535392,0.253489,11.348666,0.926728,0.086372,0.058044,2.563471,5.005473,0.3,0.017873,0.038185,0.96463,,,0.080338,0.017873,0.025771,0.046194,0.034224,Construcción,
Manquehue,,,137.93,-0.027161,0.073653,0.492279,0.062984,92.195839,124.460435,216.656274,-0.001105,5.842946,NM,-0.710383,-2.230793,NM,5.842946,5.841529,8.675347,13.771529,13.771529,29.827898,37.088968,24.973787,15.732187,15.732187,0.016384,-1.504026,2.311373,7.256907,7.256907,3577.893791,NM,39.887904,12.704563,12.704563,0.059377,NM,0.57383,NM,0.014154,2.959242,21.306141,0.3,0.007521,0.003219,0.68277,,,0.045167,0.007521,0,0,0.011829,Construcción,
Ingevec,-0.003878,,146.35,0.122449,0.027108,1.846933,0.224592,178.59661,81.91341,260.51002,14.403707,23.185436,0.574698,10.648513,15.901383,0.493296,23.185436,31.463216,25.587511,26.515394,26.515394,5.959119,8.279828,10.18114,9.824859,9.824859,13.841269,19.094139,16.390775,17.220062,17.220062,4.979655,9.353478,10.896166,10.371427,10.371427,2.049903,7.52848,1.606974,0.199277,0.173621,0.833405,2.603466,0.3,0.027533,0.119176,1.34943,,,0.154942,0.027533,0.032074,0.087738,0.071342,Construcción,
Moller,,,314.91,0.194892,0.046739,1.371585,0.008425,104.814645,116.911225,221.725869,-0.765452,-3.772011,NM,1.645628,2.009053,0.220842,-3.772011,-6.533635,15.650796,21.387293,21.387293,-53.360965,-33.936068,14.167067,10.367178,10.367178,2.844306,3.20773,5.870596,8.843458,8.843458,17.656739,32.675643,17.854175,11.852224,11.852224,0.234049,28.224257,1.102095,0.032018,0.05932,1.549083,-17.89375,0.3,0.016803,-0.020035,1.123037,,,0.092986,0.016803,0.009181,0.020323,0.035068,Construcción,
Cementos,,,1630.5,0.061024,0,0.081385,0.272042,486.793605,102.272858,589.066463,56.345684,79.438461,0.089693,26.094051,21.813145,-0.164057,79.438461,84.492254,86.952349,99.674781,114.917182,7.663521,6.97184,6.774589,5.909885,5.126009,37.144797,32.86389,34.290347,38.352498,48.504551,12.860151,14.812416,14.196229,12.692618,10.03604,1.071438,7.447424,1.500296,0.107017,0.112366,1.419587,1.210441,0.443,0.031205,0.076385,1.378003,Vender,2025-05-19 00:00:00,0.118202,0.031205,0.029907,0.068823,0.0318,Construcción,1740
Polpaico,,,7661,0,0,-0.046761,0.007109,0,0,0,0,0,NM,0,0,NM,0,0,0,0,0,#DIV/0!,#DIV/0!,NM,NM,NM,0,0,0,0,0,#DIV/0!,NM,NM,NM,NM,,#DIV/0!,#DIV/0!,NM,#DIV/0!,#DIV/0!,#DIV/0!,#N/A,#N/A,#DIV/0!,#DIV/0!,,,#DIV/0!,#N/A,#N/A,#N/A,#N/A,#N/A,
Enjoy,,,0.176,-0.090395,-0.05848,-0.306034,-0.52813,10.408633,329.041121,339.449754,48.637271,54.662149,-0.931457,-108.743669,51.277597,NM,54.662149,9.358619,20.78251,21.405985,22.048165,6.366486,36.27135,16.333434,15.857703,15.395828,-195.473375,-35.45211,-181.103793,-181.103793,-181.103793,-0.140382,NM,NM,NM,NM,,NM,-0.069118,NM,NM,2.248551,35.159153,0.3,0,-0.037696,1.944399,,,NM,0,0,0,0,Dep y Ent,
EnelAm,,-0.028422,90.5,-0.005538,0.016051,0.070711,-0.02994,10531.612206,5027.136744,15558.74895,2240.138378,2792.24932,-0.03304,2465.553,641.421,-0.739847,2792.24932,2718.234744,2933.219234,3251.414776,3497.252979,4.685248,5.723843,5.304325,4.785224,4.448849,2589.133,765.001,850.681,842.334211,985.00081,4.084944,13.766795,12.380213,12.50289,10.691983,-12.742591,4.641816,0.655521,0.047106,0.055903,1.270525,1.849412,0.3,0.024232,0.066489,0.661485,Comprar,2025-12-22 00:00:00,0.05243,0.024232,0.023412,0.02216,0.024129,Electrico,124
EnelChile,,-0.030152,70.9,0.065753,0.065753,0.437307,0.119599,5541.140008,3640.002,9181.142008,1005.095001,1420.121126,-0.001342,445.94797,351.81,-0.211096,1420.121126,1418.772124,1424.536955,1496.092455,1562.052806,5.66021,6.471189,6.445001,6.136748,5.877613,621.507413,527.369443,495.215281,579.226997,625.666918,7.230601,10.507131,11.189356,9.566439,8.856374,0.563903,6.016602,1.086637,0.098834,0.092405,2.014002,2.5656,0.5,0.044685,0.07048,1.007727,Comprar,2025-12-22 00:00:00,0.113588,0.044685,0.051206,0.073344,0.055099,Electrico,85
EnelGxCh,-0.013509,0.026417,495.45,0.05721,0.05247,0.563474,0.253802,4591.592437,129.911,4721.503437,687.025953,1004.419871,-0.122292,468.534725,384.708,-0.178913,1004.419871,920.401917,850,829.93962,805.426764,3.531239,5.129828,5.55471,5.688972,5.862114,693.623099,609.796374,499.308095,498.29542,481.175268,5.105517,7.529714,9.19591,9.214599,9.542453,-45.433374,6.693317,1.653305,0.206004,0.169535,1.478353,0.141146,0.7,0.076121,0.165328,1.617994,Comprar,2025-12-30 00:00:00,0.179422,0.076121,0.099969,0.147849,0.098697,Electrico,650
AesAndes,,,81,ND,ND,ND,ND,949.726902,2445.336,3395.062902,470.366,622.58,0.090804,143.479,99.671,-0.305327,622.58,665.291,738,777.06405,815.917253,5.580724,5.103125,4.600356,4.36909,4.161038,228.458,184.65,160,180.79888,202.74341,4.157118,5.14339,5.935793,5.252947,4.684379,0.404095,2.30176,1.28133,0.290556,0.243339,1.567047,3.675589,1,0.168469,0.080784,0.83767,,,0.243926,0.168469,0.209275,0.209275,0.168469,Electrico,
Colbun,-0.062184,0.036521,140.54,0.047622,0.047836,0.299943,0.221044,2784.783064,1604.306,4389.089064,469.57,642.355,-0.050729,199.438,156.03,-0.217652,642.355,618.534,625.568708,712.631874,823.413189,6.136942,7.095954,7.016158,6.158985,5.33036,252.457,209.049,212.125654,251.073611,303.321694,9.576337,13.321198,13.127988,11.0915,9.180956,0.604086,6.213801,0.841011,0.065938,0.063453,2.764732,2.593723,0.5,0.038087,0.062382,0.892663,Comprar,2025-12-22 00:00:00,0.075825,0.038087,0.040306,0.046508,0.043871,Electrico,181
ECL,-0.033723,-0.010052,1350,0.109325,0.129704,0.71506,0.143891,1606.743726,2149.105,3755.848726,408.062,491.824,0.241855,201.007,245.45,0.221102,491.824,590.516,658.571804,626.193464,656.343351,6.303571,6.360283,5.703021,5.997905,5.722384,228.291,272.734,253.269751,239.378692,231.398165,4.728587,5.891248,6.344002,6.712142,6.943632,-1.223796,3.670434,0.904914,0.171838,0.150295,1.82889,3.639368,0.3,0.047289,0.081733,0.956982,Mantener,2025-12-22 00:00:00,0.134817,0.047289,0.054511,0.084537,0.070386,Electrico,1609
Pehuenche,,,2896.6,0.009842,0.024185,0.215795,0.20712,2005.120262,-64.139759,1940.980503,192.409759,258.406569,-0.20248,138.763043,109.018669,-0.214354,258.406569,219.447448,282.874037,291.360258,300.101066,6.452829,8.844853,6.861642,6.661789,6.467756,186.333202,156.588828,203.260229,209.358036,215.638777,9.287561,12.805002,9.864794,9.57747,9.298514,3.19249,12.270324,12.335872,0.824977,1.125297,8.090262,-0.292278,1,0.101371,1.429081,19.724589,,,1.288009,0.101371,0.078094,0.09233,0.117452,Electrico,
Enlasa,,,945,0,0,0.08432,0.254457,46.729248,17.451,64.180248,12.151,15.586,0.016953,4.024,3.732,-0.072565,15.586,15.792,14.203,14.75,19.957,4.677451,4.064099,4.518781,4.351203,3.215927,3.772,3.48,5.304,3.1,1.015,12.257359,13.427945,8.81019,15.073951,46.038668,-0.36276,4.91473,0.562271,0.042233,0.060424,1.520931,1.105053,0.75,0.085129,0.065446,0.638235,,,0.037301,0.085129,0.060276,0.063289,0.086039,Electrico,
Edelpa,0.004538,,30,0,0,0,-0.216334,28.722505,5.321051,34.043555,1.938604,2.379053,-0.682229,-0.918247,-1.668844,NM,2.379053,1.056481,7.38722,7.38722,7.38722,13.953542,32.223524,4.608439,4.608439,4.608439,-1.119265,-1.869862,3.752564,3.752564,3.752564,-25.661931,NM,7.654102,7.654102,7.654102,,40.463217,0.848909,NM,0.106051,0.553584,5.036578,0.3,0.039195,-0.035472,0.869441,,,0.110909,0.039195,0,0,0.039195,Empaque,
Enaex,0.149908,,22400,0.039706,0.028512,0.657649,0.341597,3113.220339,309.052,3422.272339,249.486,339.697,0.135659,117.662,139.249,0.183466,339.697,373.542,376.700636,403.607968,422.755691,6.8996,9.16168,9.084859,8.479199,8.095154,160.43,182.017,186.206944,196.957559,208.721239,12.761699,17.104009,16.719142,15.806554,14.915685,2.737788,11.65219,3.260671,0.209783,0.20556,1.654755,0.827355,0.6,0.035887,0.165701,2.563112,Mantener,2025-10-29 00:00:00,0.206286,0.035887,0.037686,0.05823,0.05457,Explosivos,22643
Copec,,-0.042008,6590,0.060098,0.051627,0.240008,0.033185,9679.137693,9020.768,18699.905693,2372,3016,-0.101602,919.815,635.057,-0.309582,3016,2775,2595.039121,2928.130854,3043.007365,5.55477,6.738705,7.206021,6.386294,6.145206,1111.159,826.401,802.034939,866.022291,712.999836,8.035394,11.712398,12.068224,11.176546,13.575231,1.400899,4.223442,0.689323,0.06263,0.057466,0.661842,3.250727,0.3,0.024859,0.047525,0.791046,Mantener,2025-05-19 00:00:00,0.061676,0.024859,0.027492,0.029363,0.026948,Forestal,8450
Cmpc,,0.014781,1303,-0.006779,0.060784,-0.07365,-0.002223,3680.79096,5108.557,8789.34796,1209.356,1541.762,-0.280634,480.753,164.479,-0.657872,1541.762,1202.375,1177.483556,1335.747231,1551.676112,6.045113,7.309989,7.464519,6.580098,5.664422,491.053,174.779,242.51194,393.554268,571.406186,8.97932,21.059687,15.177772,9.35269,6.441637,0.150166,4.730115,0.45628,0.021705,0.028875,1.171325,4.248722,0.3,0.019766,0.010599,0.667074,Comprar,2025-08-07 00:00:00,0.048786,0.019766,0.015224,0.012555,0.0165,Forestal,1700
Masisa,,,17.12,0.088747,0.104118,0.285616,0.20743,144.715007,113.353,258.068007,11.958,15.954,0.01037,-15.649,-14.02,NM,15.954,16.078,16.43262,16.925599,17.433367,14.198383,16.051002,15.704617,15.247201,14.803108,-23.349,-21.72,-23.349,-23.349,-23.349,-4.831257,NM,NM,NM,NM,,NM,0.455422,NM,NM,0.904191,7.050193,0,0,-0.013574,0.597436,,,NM,0,0,0,0,Forestal,
Geopark,,,8.065,0.016736,0,-0.299153,-0.062617,0,0,0,682.701,682.701,NM,86.711,0,NM,682.701,0,400,458,458,0,#DIV/0!,0,0,0,86.711,0,149,158,158,0,NM,0,0,0,0,#DIV/0!,#DIV/0!,NM,#DIV/0!,#DIV/0!,#DIV/0!,0.45,#DIV/0!,0,#DIV/0!,,,#DIV/0!,#DIV/0!,#DIV/0!,0,#DIV/0!,Gas y Petroleo,
Antarchile,,0.055827,7665.1,0.10815,0.052461,0.26098,0.101888,3934.827465,5643.622098,9578.449562,1438.2624,1825.9442,-0.103689,545.848,372.048,-0.318404,1825.9442,1676.812,1578.302793,1780.889185,1850.757079,4.646191,5.712298,6.068829,5.378465,5.175422,657.585,483.785,488.161713,530.817824,442.765383,5.438927,8.133422,8.0605,7.412764,8.886936,0.848326,15.125614,0.453439,0.058824,0.056265,0.548555,3.365686,0.4,0.049625,0.054051,0.471112,Comprar,2025-05-19 00:00:00,0.06117,0.049625,0.052778,0.057782,0.054596,Forestal,10600
Almendral,0.048568,,30.1,0.09375,0,0.795179,0.145961,612.801279,1269.831986,1882.633265,350.896622,476.6844,0.349973,36.861239,41.670015,0.130456,476.6844,599.488775,496.921757,513.831713,551.362916,3.45271,3.140398,3.788591,3.66391,3.414508,37.123961,41.932737,53.633806,64.891722,91.462344,10.803515,14.613911,11.425654,9.443443,6.700039,0.449895,0.629748,0.612738,0.047363,0.057273,0.852353,2.118191,0.5,0.043761,0.095696,0.835138,Comprar,2025-10-09 00:00:00,0.064885,0.043761,0.034214,0.051492,0.066864,Telecom,38
Minera,,,13810,0.050075,0.019205,0.08422,0.11613,1950.564972,1945.113,3895.677972,470.049,643.631,-0.044968,211.167,138.645,-0.343434,643.631,622.494,,,968.510671,5.853394,6.258178,NM,NM,,243.983,171.461,234.308087,299.510292,362.90443,8.05083,11.376144,8.324787,6.512514,5.374872,0.234031,1.92867,0.511958,0.046421,0.062065,2.453238,3.12471,0.5,0.060062,0.037688,0.493343,,,0.078611,0.060062,0.047073,0.05032,0.059643,Acero,
IAM,-0.026006,-0.007752,1000,0.052683,0.0375,0.549384,0.22785,1129.943503,700.99973,1830.943233,132.211558,183.09873,0.082021,50.089779,53.282414,0.063738,183.09873,193.942819,199.811666,221.220827,235.201851,8.386437,9.440634,9.163345,8.276541,7.784561,68.407701,71.600336,77.278684,88.327773,95.004247,12.388337,15.78126,14.621671,12.792618,11.89361,0.894731,23.966129,1.062716,0.073815,0.074421,4.616806,3.614466,0.85,0.058133,0.090705,0.727252,Mantener,2025-05-19 00:00:00,0.083073,0.058133,0.053861,0.076616,0.077511,Serv. Públicos,1058
Naviera,,,37,0,0,0.078654,0.259516,288.885544,606.902,895.787544,126.252,173.538,0.166405,29.057,33.374,0.14857,173.538,194.547,175.1,180.353,180.353,5.471601,4.604479,5.115863,4.966857,4.966857,38.418,42.735,40.17,41.3751,41.3751,7.523601,6.759928,7.191574,6.982111,6.982111,2.32737,288.885544,0.665624,0.101984,0.091024,0.860319,3.119565,0.3,0.041715,0.075078,0.781851,,,0.095333,0.041715,0.047743,0.047717,0.041693,Transp y puerto,
Vapores,-0.040279,-0.012007,47.61,0.058652,0.082979,0.158266,0.432605,2760.835373,-524.988,2235.847373,-10.513,,NM,194.614,175.708,-0.097146,,,,,,,,,,,388.345,369.439,173.702954,-119.109842,-15.361078,8.205259,7.473048,15.894004,NM,NM,,9.350396,0.38664,0.051615,0.022181,,,0.55,0.161389,,,Mantener,2025-05-19 00:00:00,NM,0.161389,0.07944,0.068766,0.139832,Transp y puerto,57.66
Invercap,-0.005452,,1891,0.03882,0.033728,0.344251,0.024968,319.329243,1615.63,1934.959243,380.479,,-0.716163,-162.582,-72.598,NM,,,,,,,,,,,-199.435,-109.451,7.949346,13.109311,40.440243,-1.325643,NM,40.170505,24.358964,7.896324,0.37527,NM,0.359933,NM,0.008008,,,0.3,0.007468,,,,,0.014776,0.007468,0,0,0.00902,Acero,
CalicheraA,,,701,0.249984,0,0.611785,0.512555,2032.982423,272.475061,2305.457485,,,NA,-94.185773,73.458734,NM,,,,,,,,,,,-75.135985,92.508522,96.341167,257.245464,247.258703,-22.539191,21.976164,21.101908,7.902889,8.222086,0.047318,1547.774465,1.183161,0.058805,#N/A,,,0.7,0.033172,,,,,#N/A,0.033172,0.03429,0.041164,0.039822,Min. No-Metal,
CalicheraB,,,616,0,0,-3.2e-05,0.586597,119.014696,18.153939,137.168635,,,NA,-6.275227,4.894266,NM,,,,,,,,,,,-5.006015,6.163478,6.418833,17.139251,16.473872,-22.378983,19.309665,18.541486,6.943985,7.224452,0.041577,1359.973789,1.039601,0.058805,#N/A,,,0.7,0.037753,,,,,#N/A,0.037753,0.039025,0.041458,0.040107,Min. No-Metal,
Nitratos,,,3.226,0.246452,0.076269,1.017815,0.543683,613.756182,328.444,942.200182,,,NA,-55.332,21.907,NM,,,,,,,,,,,-52.885,24.354,35.411973,122.88724,117.457959,-7.241828,25.201453,17.331883,4.994466,5.225326,0.020219,NM,1.07828,0.047469,0.064232,,,0.5,0.028849,,,,,0.215895,0.028849,0.021378,0.033515,0.046232,Min. No-Metal,
Nortegran,0.04562,0.025465,9.55,0.156463,0.042945,1.073893,0.425454,2130.485092,246.631,2377.116092,,,NA,-131.582,63.539,NM,,,,,,,,,,,-118.952,76.169,71.90436,269.047139,256.811183,-9.506836,27.970501,29.629429,7.918631,8.29592,0.028882,NM,1.068122,0.042027,0.036753,,,0.5,0.016875,,,Comprar,2025-05-19 00:00:00,0.134887,0.016875,0.019258,0.028279,0.031792,Min. No-Metal,8.1
Oro Blanco,-0.002998,,7.715,0.162645,0.034483,1.344932,0.415079,2008.599724,276.852,2285.451724,,,NA,-97.843,62.027,NM,,,,,,,,,,,-82.492,77.378,82.75088,235.153627,225.694527,-12.49009,25.958279,24.27285,8.541649,8.899639,0.046379,NM,1.058846,0.0441,0.043577,,,0.7,0.028839,,,Mantener,2025-05-19 00:00:00,0.123963,0.028839,0.029038,0.057372,0.05622,Min. No-Metal,5.4
Potasios-A,,,260,0.384615,0.276596,0.5,0.464707,694.642727,249.456296,944.099023,,,NA,-49.519288,23.698878,NM,,,,,,,,,,,-46.240387,26.977779,40.57993,123.301371,118.167143,-12.773156,25.748699,17.117889,5.633698,5.878476,0.027637,-52.223634,1.123503,0.047688,#N/A,,,0.5,0.029209,,,,,#N/A,0.029209,0.020914,0.024597,0.034353,Min. No-Metal,
Potasios-B,,,93,0,0,-0.003322,0.335145,16.45154,16.516704,32.968244,,,NA,-3.278712,1.569122,NM,,,,,,,,,,,-3.061613,1.786221,2.68683,8.163884,7.823942,-4.965564,9.210251,6.12303,2.015161,2.102717,0.009886,-18.680275,0.401874,0.047688,#N/A,,,0.5,0.081659,,,,,#N/A,0.081659,0.058469,0.063265,0.088367,Min. No-Metal,
Pasur,,,6250,0.016111,0,0.094017,0.057637,882.768362,-4.271,878.497362,,,NA,129.466,66.148,-0.48907,,,,,,,,,,,132.964,69.646,68.146752,105.234657,145.929212,#VALUE!,12.675076,12.953932,8.388571,6.049292,0.154135,20.249767,0.408772,0.0329,0.031588,,,0.6,0.046318,,,,,0.04873,0.046318,0.05057,#DIV/0!,#VALUE!,Inversiones,
Molymet,,,5915.1,0.099242,0.099242,1.133161,0.104881,888.93128,377.456,1266.38728,118.2,156.8,0.133672,45.23,73.045,0.614968,156.8,172.6,166.791308,182.470074,198.379652,5.030528,7.337122,7.592646,6.940246,6.383655,65.509,93.324,85.116994,100.079066,113.6442,7.79981,9.525216,10.44364,8.88229,7.822056,0.5053,7.772892,0.964234,0.106691,0.088982,0.550057,2.186883,0.5,0.047876,0.098579,0.973539,Comprar,2025-05-19 00:00:00,0.108557,0.047876,0.056411,0.096717,0.083292,Manufactura,5300
Pucobre,0.12717,,16797,0.76775,0.333991,2.930234,0.402043,2366.163611,229.345,2595.508611,79.947,142.82,0.989968,27.882,82.156,1.946561,142.82,221.965,227.721214,268,412,4.703366,11.693324,11.397746,9.684734,6.299778,64.433,118.707,118.808444,142,191,10.308284,19.932806,19.915787,16.663124,12.388291,0.853638,14.033602,4.392261,0.236125,0.211277,5.22108,1.033248,0.3,0.015063,0.201595,3.058397,Mantener,2025-05-19 00:00:00,0.263592,0.015063,0.016169,0.054318,0.053663,Min. Metal,6030
Antofagasta,,,2728.0,0.202251,0.082617,1.120575,0.21929,39280.987469,#N/A,#N/A,0,0,NM,0,0,NM,0,0,3754,4118,4118,#N/A,#N/A,#N/A,#N/A,ak,0,0,912,989,989,#DIV/0!,NM,43.071258,39.717884,39.717884,4.704248,#DIV/0!,#DIV/0!,NM,#DIV/0!,#N/A,#N/A,0,0,#N/A,#N/A,Mantener,2025-07-31 00:00:00,#DIV/0!,0,0,#DIV/0!,#DIV/0!,Min. Metal,1560
Sqm-A,,,52027,0.181978,0.053122,0.740408,0.191651,8395.976405,1165.258,9561.234405,577.738937,741.786561,-0.072574,-262.244698,202.184,NM,741.786561,699.8575,708.500536,1484.51691,1472.538176,9.227553,13.661687,13.495028,6.440637,6.49303,-202.179653,262.249,296.000224,849.628113,815.266372,-27.943792,32.015285,28.364764,9.881943,10.298446,0.052834,18.132625,3.057762,0.103158,0.106518,4.420245,1.664993,0.3,0.010577,0.098373,2.432145,,,#N/A,0.010577,0.01009,0.01409,0.015718,Min. No-Metal,
Sqm-B,,0.008097,58005,0.177759,0.127039,0.808707,0.146686,9360.68986,1165.258,10525.94786,577.738063,741.785439,-0.072573,-262.244302,202.184,NM,741.785439,699.8575,708.499464,1484.51691,1472.538176,9.573679,15.04013,14.856677,7.090487,7.148166,-202.179347,262.249,295.999776,849.628113,815.266372,-29.21371,35.693901,31.623976,11.017397,11.481756,0.058905,20.216097,3.409105,0.103158,0.106518,4.86624,1.664993,0.3,0.009486,0.098373,2.677544,Comprar,2025-09-08 00:00:00,#N/A,0.009486,0.00905,0.015177,0.015035,Min. No-Metal,50000
Soquicom,,,385,0.006381,-0.000493,0.448815,0.318759,118.378447,-3.578,114.800447,7.844,13.598,-0.153493,4.98,4.417,-0.113052,13.598,12.394,15,15,15,4.663616,9.262582,7.653363,7.653363,7.653363,8.799,8.236,8,8,8,9.889288,14.373294,14.797306,14.797306,14.797306,,11.536736,1.766579,0.123551,0.11069,0.801142,-0.288688,0.75,0.050685,0.141132,1.809819,,,0.119385,0.050685,0.056321,0.077442,0.068953,Retail,
MultiX,,,265,0.263703,0.149627,0.567915,0.168234,422.402694,108.45762,530.860314,15.54429,15.76716,0.926179,-7.548,5.958,NM,15.76716,30.16395,36.410853,86.078672,87.800246,28.768898,17.599164,14.579727,6.167153,6.046228,-1.248,12.258,4.304909,41.439806,43.324114,-260.617047,34.459348,98.121171,10.193163,9.749829,0.011817,15.233796,1.799564,0.055101,0.017474,1.30244,3.595604,0.3,0.003057,0.059998,0.97516,Vender,2025-12-02 00:00:00,0.176546,0.003057,0.009352,0.012516,0.003971,Salmones y Pesca,233
Salmocam,,,3880,0.218734,0,0.987383,0.015725,325.284995,87.091,412.375995,28.209,49.143,0.915488,10.043,22.538,1.24415,49.143,74.968,67.826431,88.143288,91.704277,5.987469,5.500694,6.079872,4.678473,4.496802,13.918,26.413,26.279433,39.838244,43.22032,14.456618,12.315337,12.37793,8.165144,7.526205,0.158255,6.210099,1.424858,0.128898,0.118051,1.035842,1.161709,0.3,0.024237,0.111811,1.307536,Comprar,2025-12-02 00:00:00,0.174505,0.024237,0.026219,0.04329,0.039183,Salmones y Pesca,5512
Camanchaca,0.001699,,65.01,0.379945,0.210344,2.078476,0.111533,304.898516,178.359701,483.258217,75.065838,91.713912,0.347126,24.974,42.692,0.709458,91.713912,117.771248,122,125,130,3.88944,4.103363,3.961133,3.866066,3.717371,21.944,39.662,46,49,55,7.008108,7.687422,6.628229,6.222419,5.543609,0.954104,3.416,0.784963,0.110826,0.121875,0.646221,1.514459,0.3,0.045261,0.106381,0.76429,Comprar,2025-12-30 00:00:00,0.126151,0.045261,0.04177,0.072354,0.089735,Salmones y Pesca,103
Blumar,0.055736,,245.36,0.26345,0.028636,0.72032,0.118982,448.57453,252.831,701.40553,77.179,97.001,0.114332,6.105,24.713,3.047993,97.001,105.825,102.80632,120.284115,128.431584,5.964464,6.627976,6.822592,5.83124,5.461317,17.873,36.481,28.197172,50.980195,60.749055,18.667934,12.296114,15.908494,8.798996,7.384058,0.1089,6.345837,0.952559,0.081183,0.056705,0.938118,2.389142,0.4,0.025144,0.075411,0.950678,Vender,2025-12-02 00:00:00,0.108258,0.025144,0.034943,0.043969,0.033804,Salmones y Pesca,289
Las Condes,-0.006463,,17513,-0.128461,-0.087348,0.338238,-0.073847,298.40559,178.541685,476.947275,-1.067867,-40.292907,NM,-17.550537,-49.152914,NM,-40.292907,-85.685546,-19.731911,33.489168,51.383189,-8.013997,-5.566251,-24.171367,14.241837,9.282166,-109.812893,-141.41527,-32.310537,4.580466,15.662739,-1.151345,NM,NM,65.14743,19.051941,-0.570586,NM,1.394755,NM,NM,2.645027,-2.083685,0.3,0,-0.138944,1.21518,,,0.021409,0,0,0,0,Seguros y Salud,
Indisa,-0.012867,,2702.8,0.026955,-0.004361,0.723532,0.165212,513.3361,94.191021,607.527122,19.327006,26.007189,1.023176,6.012925,10.969197,0.82427,26.007189,45.782123,42.147263,49.43018,49.43018,13.657212,13.269964,14.414391,12.290611,12.290611,8.221385,13.177656,17.463895,21.832625,21.832625,30.409946,38.955037,29.394135,23.51234,23.51234,0.9399,22.874737,3.355305,0.108196,0.141591,2.048051,2.057376,0.3,0.010206,0.116793,2.457799,,,0.142704,0.010206,0.007701,0.016824,0.020956,Seguros y Salud,
Gasco,,,1535.5,0.038486,0.011793,0.372098,0.07384,291.484746,222.588679,514.073425,79.789741,96.030329,0.044432,26.926249,26.120914,-0.029909,96.030329,99.575532,99.446785,104.419124,109.64008,4.727861,5.162648,5.169332,4.923173,4.688736,24.777211,23.971877,29.689122,31.173578,32.732257,10.18979,12.159446,9.817897,9.350378,8.905122,1.870076,3.979316,0.521293,0.052324,0.056068,0.74381,2.235375,0.3,0.030556,0.061956,0.654482,,,0.055751,0.030556,0.024672,0.030288,0.035278,Serv. Públicos,
Aguas-A,-0.056785,-0.016927,368,0.006757,0.010811,0.345033,0.182177,2416.328683,1346.907499,3763.236182,252.209394,348.985315,0.082015,98.081356,104.415557,0.064581,348.985315,369.670147,378.73576,419.316047,445.816571,9.379718,10.179984,9.936311,8.974701,8.441221,133.425807,139.760008,150.247452,171.191579,183.847182,14.738904,17.289128,16.082327,14.114764,13.143137,1.012555,8.463344,1.685363,0.111257,#N/A,5.006252,3.643539,0.85,0.052853,0.078154,1.353353,Mantener,2025-05-19 00:00:00,#N/A,0.052853,0.049164,0.06508,0.064941,Serv. Públicos,407
Aguas-B,,,368,0,0,0.106399,0.090501,128.05457,71.380049,199.434619,13.365965,18.494655,0.082015,5.197871,5.533556,0.064581,18.494655,19.590858,20.071295,22.221868,23.626276,9.379718,10.179984,9.936311,8.974701,8.441221,7.070969,7.406653,7.96244,9.072385,9.743075,14.738904,17.289128,16.082327,14.114764,13.143137,1.012555,8.463344,1.685363,0.111257,#N/A,5.006252,3.643539,0.85,0.052853,0.078154,1.353353,,,#N/A,0.052853,0.049164,0.06508,0.064941,Serv. Públicos,
Aguas,,,368,0.006757,0.010811,0.345033,0.182177,2544.383253,1418.287548,3962.670801,265.575359,367.479969,0.082015,103.279227,109.949113,0.064581,367.479969,389.261005,398.807054,441.537915,469.442847,9.379718,10.179984,9.936311,8.974701,8.441221,140.496775,147.166661,158.209892,180.263964,193.590257,14.738904,17.289128,16.082327,14.114764,13.143137,1.012555,8.463344,1.685363,0.111257,0.108366,5.006252,3.643539,0.85,0.052853,0.078154,1.353353,Mantener,2025-05-19 00:00:00,0.119404,0.052853,0.049164,0.06508,0.064941,Serv. Públicos,407
Lipigas,,,6709.3,0.03337,0.004889,1.11947,0.263117,861.023156,256.769116,1117.792273,137.601379,175.479912,0.144793,57.169582,71.982322,0.259102,175.479912,195.40358,176.583481,185.412655,194.683287,4.661164,5.720429,6.330107,6.028673,5.741593,70.056621,84.869362,66.883095,70.22725,73.738613,7.802922,10.145277,12.873554,12.260528,11.676693,2.452106,5.835463,3.042206,0.359882,0.276629,1.055141,1.314045,0.795,0.061755,0.193128,2.02013,,,0.24813,0.061755,0.078362,0.142114,0.09727,Serv. Públicos,
Sonda,-0.008111,,323.54,-0.053057,-0.010852,0.038326,-0.010866,318.442755,319.604094,638.04685,101.312311,155.776548,-0.117434,16.241761,6.093945,-0.624798,155.776548,143.879074,150.809467,169.63855,191.67386,4.139259,4.434605,4.230814,3.761214,3.328815,34.622069,24.474253,45.862234,48.068549,58.844219,10.426635,13.011337,6.943464,6.624763,5.411623,1.377077,4.391483,0.47972,0.040682,0.072618,0.372503,2.221338,0.5,0.07201,0.065373,0.649025,Vender,2025-06-09 00:00:00,0.072413,0.07201,0.038428,0.035869,0.063523,Tecnología,406
Entel,-0.034273,0.068966,4628,0.095125,-0.059494,0.690448,0.17653,1579.361807,2315.777011,3895.138818,658.021448,890.986187,0.047088,73.273103,81.650124,0.114326,890.986187,921.971332,905.139813,935.941189,1004.304037,3.672787,4.224794,4.303356,4.161735,3.878446,76.456946,84.833967,97.693635,118.199858,166.598077,13.176124,18.617092,16.166476,13.361791,9.480072,0.636569,1.620713,0.712916,0.043257,0.047096,1.172078,2.511767,0.8,0.049485,0.048327,0.859639,Comprar,2025-12-30 00:00:00,0.053355,0.049485,0.042971,0.063154,0.07758,Telecom,5700
LTM,,-0.038742,22.42,0.089271,0.054361,1.08755,-0.164455,14546.848568,5499.47,20046.318568,2182.019,3035.134,0.35061,705.033,975.695,0.3839,3035.134,3800.171,3758,4133,4424,4.651939,5.27511,5.334305,4.850307,4.531265,976.971,1247.633,1328,1581,1653,9.205893,11.659557,10.953952,9.201043,8.800271,0.482964,5.268723,13.190951,1.722108,1.704975,1.437927,1.447164,0.3,0.027387,0.270503,3.04017,Comprar,2025-12-17 00:00:00,1.433637,0.027387,0.027681,0.04945,0.044297,Transp y puerto,24
SMSAAM,0.06717,,142.84,0.007286,-0.013916,0.395738,0.301678,1571.45661,-44.283,1527.17361,137.089,188.207,0.152069,43.132,63.949,0.482635,188.207,209.054,213.059669,225.007098,244.19297,5.844343,7.305163,7.167821,6.787224,6.253962,59.185,80.002,84.996951,80.605944,89.765926,19.644171,19.642717,18.488388,19.495543,17.506159,-3.773762,8.592547,1.431787,0.073249,0.072359,2.488984,-0.211826,0.5,0.027044,0.06913,1.417392,Mantener,2025-05-19 00:00:00,0.073442,0.027044,0.027339,0.037706,0.036553,Transp y puerto,136.5
Ventanas,,,139,0.079137,0.079137,0.157211,0.021764,188.926889,183.185997,372.112886,16.374448,27.15219,0.528178,2.191,6.478,1.956641,27.15219,35.80081,40.481769,44.703736,51.133275,13.101741,10.39398,9.19211,8.323977,7.277314,6.361,10.648,24.220133,27.548717,32.484774,28.632441,17.742946,7.800407,6.85792,5.81586,0.49901,7.191462,1.105178,0.078036,0.165619,3.030947,5.116812,0.775,0.099354,0.057319,0.937815,,,0.161154,0.099354,0.047023,0.043574,0.103061,Transp y puerto,
Fepasa,0.008383,,5.8,0,0,0.099318,0.109357,30.890637,32.876186,63.766823,11.289443,15.282235,-0.057692,3.884906,3.133386,-0.193446,15.282235,14.63093,16.121634,16.937388,19.051732,3.738629,4.358358,3.955357,3.764856,3.347035,5.584714,4.833194,5.131868,5.233473,7.215376,5.531283,6.39135,6.019375,5.902511,4.281223,2.981236,2.340094,0.320927,0.051419,0.053917,0.66231,2.247033,0.5,0.083065,0.034967,0.493816,,,0.054371,0.083065,0.078231,0.078231,0.083065,Transp y puerto,
ConchaToro,,,1044.9,-0.002088,0.017287,-0.033307,-0.002444,872.532824,530.84703,1403.379854,116.16613,170.542471,0.058941,59.15668,59.88213,0.012263,170.542471,177.389434,170.52475,189.594761,191.062435,8.338731,7.911293,8.229772,7.401997,7.345137,87.489389,88.214839,87.480298,93.414965,91.343893,10.337612,9.890998,9.974049,9.340397,9.552175,1.376827,6.955381,0.90688,0.095446,0.094674,1.25727,2.992552,0.4,0.040104,0.069057,0.935086,Vender,2025-05-19 00:00:00,0.097092,0.040104,0.040441,0.038591,0.03869,Vinos,1250
VSPT,,,4,0,0,0.063547,-0.063233,180.653996,63.964211,244.618207,33.454192,47.264493,-0.02382,15.299025,16.475433,0.076894,47.264493,46.467626,48.369421,51.89265,54.594716,5.062934,5.264272,5.05729,4.713928,4.480621,21.696398,22.872806,18.139104,20.175931,21.558033,8.328533,7.8982,9.959367,8.953936,8.379892,0.797399,4.529558,0.542478,0.070241,0.054524,0.747978,1.376533,0.5,0.050204,0.060467,0.616197,,,0.060585,0.050204,0.063306,0.056637,0.050191,Vinos,
Santa Rita,,,150,0,0,0.005888,0.019295,175.351218,114.057969,289.409187,8.977329,10.930131,-0.615432,-1.31227,-3.365374,NM,10.930131,5.405194,11.838974,23.916791,25.088446,25.230943,53.54279,24.445463,12.10067,11.535557,3.422786,1.369682,0.487015,7.563887,9.731693,51.230546,128.02326,360.052948,23.182687,18.018573,0.015954,9.35929,0.735029,0.005825,0.001987,1.615197,21.101548,0.3,0.000833,-0.004885,0.820679,,,0.031706,0.000833,0.002343,0.002343,0.000833,Vinos,
